{"title": ">Restaurants étoilés Cahuzac-sur-Vère"}
{"title": ">Restaurants étoilés Calvinet"}
{"title": ">Restaurants étoilés Aulnay-sous-Bois"}
{"title": ">Restaurants étoilés Cancale"}
{"title": ">Restaurants étoilés Saint-Martin-de-Belleville"}
{"title": ">Restaurants étoilés Cannes"}
{"title": ">Restaurants étoilés Sancerre"}
{"title": ">Restaurants étoilés Le Cannet"}
{"title": ">Restaurants étoilés Saulieu"}
{"title": ">Restaurants étoilés Toulouse"}
{"title": ">Restaurants étoilés Ainhoa"}
{"title": ">Restaurants étoilés Strasbourg"}
{"title": ">Restaurants étoilés Albertville"}
{"title": ">Restaurants étoilés Nice"}
{"title": ">Restaurants étoilés Carantec"}
{"title": ">Restaurants étoilés Montpellier"}
{"title": ">Restaurants étoilés Paris 01"}
{"title": ">Restaurants étoilés Bozouls"}
{"title": ">Restaurants étoilés Le Castellet"}
{"title": ">Restaurants étoilés Dijon"}
{"title": ">Restaurants étoilés Paris 02"}
{"title": ">Restaurants étoilés Briollay"}
{"title": ">Restaurants étoilés Chagny"}
{"title": ">Restaurants étoilés Boulogne-Billancourt"}
{"title": ">Restaurants étoilés Paris 04"}
{"title": ">Restaurants étoilés Mercuès"}
{"title": ">Restaurants étoilés Condom"}
{"title": ">Restaurants étoilés Reims"}
{"title": ">Restaurants étoilés Paris 05"}
{"title": ">Restaurants étoilés Chenonceaux"}
{"title": ">Restaurants étoilés L'Île-Rousse"}
{"title": ">Restaurants étoilés Limoges"}
{"title": ">Restaurants étoilés Paris 06"}
{"title": ">Restaurants étoilés Ile de Porquerolles"}
{"title": ">Restaurants étoilés Gujan-Mestras"}
{"title": ">Restaurants étoilés Clermont-Ferrand"}
{"title": ">Restaurants étoilés Paris 07"}
{"title": ">Restaurants étoilés Joigny"}
{"title": ">Restaurants étoilés Hennebont"}
{"title": ">Restaurants étoilés Metz"}
{"title": ">Restaurants étoilés Paris 08"}
{"title": ">Restaurants étoilés Magescq"}
{"title": ">Restaurants étoilés Saint-Céré"}
{"title": ">Restaurants étoilés Quimper"}
{"title": ">Restaurants étoilés Paris 11"}
{"title": ">Restaurants étoilés Marlenheim"}
{"title": ">Restaurants étoilés Lambersart"}
{"title": ">Restaurants étoilés Megève"}
{"title": ">Restaurants étoilés Paris 12"}
{"title": ">Restaurants étoilés Collias"}
{"title": ">Restaurants étoilés Malbuisson"}
{"title": ">Restaurants étoilés Valence"}
{"title": ">Restaurants étoilés Paris 14"}
{"title": ">Restaurants étoilés Port-Lesney"}
{"title": ">Restaurants étoilés Maisons-Laffitte"}
{"title": ">Restaurants étoilés Dieppe"}
{"title": ">Restaurants étoilés Paris 15"}
{"title": ">Restaurants étoilés Puymirol"}
{"title": ">Restaurants étoilés Rosheim"}
{"title": ">Restaurants étoilés Chartres"}
{"title": ">Restaurants étoilés Paris 16"}
{"title": ">Restaurants étoilés Roscoff"}
{"title": ">Restaurants étoilés Rouffach"}
{"title": ">Restaurants étoilés Honfleur"}
{"title": ">Restaurants étoilés Paris 17"}
{"title": ">Restaurants étoilés Corrençon-en-Vercors"}
{"title": ">Restaurants étoilés Saint-Bonnet-le-Froid"}
{"title": ">Restaurants étoilés Carcassonne"}
{"title": ">Restaurants étoilés Paris 19"}
{"title": ">Restaurants étoilés Chamesol"}
{"title": ">Restaurants étoilés Sierentz"}
{"title": ">Restaurants étoilés Menton"}
{"title": ">Restaurants étoilés Lyon 01"}
{"title": ">Restaurants étoilés Vaux-en-Beaujolais"}
{"title": ">Restaurants étoilés Tours"}
{"title": ">Restaurants étoilés Marseille"}
{"title": ">Restaurants étoilés Lyon 02"}
{"title": ">Restaurants étoilés Le Tremblay-sur-Mauldre"}
{"title": ">Restaurants étoilés Chamalières"}
{"title": ">Restaurants étoilés Vichy"}
{"title": ">Restaurants étoilés Lyon 03"}
{"title": ">Restaurants étoilés Douvaine"}
{"title": ">Restaurants étoilés Laguiole"}
{"title": ">Restaurants étoilés Valenciennes"}
{"title": ">Restaurants étoilés Lyon 05"}
{"title": ">Restaurants étoilés Busnes"}
{"title": ">Restaurants étoilés Pauillac"}
{"title": ">Restaurants étoilés L'Isle-sur-la-Sorgue"}
{"title": ">Restaurants étoilés Lyon 06"}
{"title": ">Restaurants étoilés La Bussière-sur-Ouche"}
{"title": ">Restaurants étoilés Romorantin-Lanthenay"}
{"title": ">Restaurants étoilés Saintes"}
{"title": ">Restaurants étoilés Lyon 09"}
{"title": ">Restaurants étoilés Guéthary"}
{"title": ">Restaurants étoilés Hendaye"}
{"title": ">Restaurants étoilés Orléans"}
{"title": ">Restaurants étoilés Mulhouse"}
{"title": ">Restaurants étoilés Saint-Rémy"}
{"title": ">Restaurants étoilés Villeneuve-sur-Lot"}
{"title": ">Restaurants étoilés Rodez"}
{"title": ">Restaurants étoilés Saint-Malo"}
{"title": ">Restaurants étoilés Chaintré"}
{"title": ">Restaurants étoilés Charolles"}
{"title": ">Restaurants étoilés Chamonix-Mont-Blanc"}
{"title": ">Restaurants étoilés Caen"}
{"title": ">Restaurants étoilés Chassagne-Montrachet"}
{"title": ">Restaurants étoilés Château-Arnoux"}
{"title": ">Restaurants étoilés Porto-Vecchio"}
{"title": ">Restaurants étoilés Béziers"}
{"title": ">Restaurants étoilés Chasselay"}
{"title": ">Restaurants étoilés Gundershoffen"}
{"title": ">Restaurants étoilés Mougins"}
{"title": ">Restaurants étoilés Calvi"}
{"title": ">Restaurants étoilés Frichemesnil"}
{"title": ">Restaurants étoilés Lacave"}
{"title": ">Restaurants étoilés Castres"}
{"title": ">Restaurants étoilés Angers"}
{"title": ">Restaurants étoilés Étouy"}
{"title": ">Restaurants étoilés Langon"}
{"title": ">Restaurants étoilés Ajaccio"}
{"title": ">Restaurants étoilés Saint Tropez"}
{"title": ">Restaurants étoilés Conteville"}
{"title": ">Restaurants étoilés Mayenne"}
{"title": ">Restaurants étoilés Vienne"}
{"title": ">Restaurants étoilés Grasse"}
{"title": ">Restaurants étoilés Erbalunga"}
{"title": ">Restaurants étoilés Montauroux"}
{"title": ">Restaurants étoilés Saumur"}
{"title": ">Restaurants étoilés Lorient"}
{"title": ">Restaurants étoilés Couilly-Pont-aux-Dames"}
{"title": ">Restaurants étoilés Montceau-les-Mines"}
{"title": ">Restaurants étoilés Le Touquet-Paris-Plage"}
{"title": ">Restaurants étoilés Colmar"}
{"title": ">Restaurants étoilés Prenois"}
{"title": ">Restaurants étoilés Montrevel-en-Bresse"}
{"title": ">Restaurants étoilés Saint-Rémy-de-Provence"}
{"title": ">Restaurants étoilés Versailles"}
{"title": ">Restaurants étoilés La Ferrière-aux-Étangs"}
{"title": ">Restaurants étoilés Nantes"}
{"title": ">Restaurants étoilés Val-d'Isère"}
{"title": ">Restaurants étoilés Rouen"}
{"title": ">Restaurants étoilés Fleurie"}
{"title": ">Restaurants étoilés Bougival"}
{"title": ">Restaurants étoilés Sainte-Maxime"}
{"title": ">Restaurants étoilés Nancy"}
{"title": ">Restaurants étoilés Fontjoncouse"}
{"title": ">Restaurants étoilés Marly-le-Roi"}
{"title": ">Restaurants étoilés Cassis"}
{"title": ">Restaurants étoilés Nevers"}
{"title": ">Restaurants étoilés Stiring-Wendel"}
{"title": ">Restaurants étoilés Zellenberg"}
{"title": ">Restaurants étoilés Montargis"}
{"title": ">Restaurants étoilés Périgueux"}
{"title": ">Restaurants étoilés Bourg-Charente"}
{"title": ">Restaurants étoilés Rostrenen"}
{"title": ">Restaurants étoilés Narbonne"}
{"title": ">Restaurants étoilés Montauban"}
{"title": ">Restaurants étoilés Languimberg"}
{"title": ">Restaurants étoilés Saint-Agrève"}
{"title": ">Restaurants étoilés Obernai"}
{"title": ">Restaurants étoilés Rennes"}
{"title": ">Restaurants étoilés Laventie"}
{"title": ">Restaurants étoilés Tourrettes-sur-Loup"}
{"title": ">Restaurants étoilés Roanne"}
{"title": ">Restaurants étoilés La Rochelle"}
{"title": ">Restaurants étoilés La Vancelle"}
{"title": ">Restaurants étoilés La Turbie"}
{"title": ">Restaurants étoilés Vence"}
{"title": ">Restaurants étoilés Albi"}
{"title": ">Restaurants étoilés Loiré"}
{"title": ">Restaurants étoilés Ventabren"}
{"title": ">Restaurants étoilés Anglet"}
{"title": ">Restaurants étoilés Le Havre"}
{"title": ">Restaurants étoilés Rillieux-la-Pape"}
{"title": ">Restaurants étoilés La Cadière-d'Azur"}
{"title": ">Restaurants étoilés Sens"}
{"title": ">Restaurants étoilés Deauville"}
{"title": ">Restaurants étoilés La Madelaine-sous-Montreuil"}
{"title": ">Restaurants étoilés Conques"}
{"title": ">Restaurants étoilés Draguignan"}
{"title": ">Restaurants étoilés Bayonne"}
{"title": ">Restaurants étoilés Mûr-de-Bretagne"}
{"title": ">Restaurants étoilés Joucas"}
{"title": ">Restaurants étoilés Chambéry"}
{"title": ">Restaurants étoilés Neuilly-sur-Seine"}
{"title": ">Restaurants étoilés Haute-Goulaine"}
{"title": ">Restaurants étoilés Chancelade"}
{"title": ">Restaurants étoilés Chantilly"}
{"title": ">Restaurants étoilés Val-Thorens"}
{"title": ">Restaurants étoilés Neuville-de-Poitou"}
{"title": ">Restaurants étoilés Saint-Chamond"}
{"title": ">Restaurants étoilés Collioure"}
{"title": ">Restaurants étoilés Montbéliard"}
{"title": ">Restaurants étoilés Le Petit-Pressigny"}
{"title": ">Restaurants étoilés Saint-Jean-Pied-de-Port"}
{"title": ">Restaurants étoilés Saint-Jean-Cap-Ferrat"}
{"title": ">Restaurants étoilés Perpignan"}
{"title": ">Restaurants étoilés Saint-Jean-aux-Bois"}
{"title": ">Restaurants étoilés Trébeurden"}
{"title": ">Restaurants étoilés Sarlat-la-Canéda"}
{"title": ">Restaurants étoilés Le Mans"}
{"title": ">Restaurants étoilés La Pomarède"}
{"title": ">Restaurants étoilés Tréguier"}
{"title": ">Restaurants étoilés Sarreguemines"}
{"title": ">Restaurants étoilés Ambierle"}
{"title": ">Restaurants étoilés Pont-de-l'Arche"}
{"title": ">Restaurants étoilés Saint-Père"}
{"title": ">Restaurants étoilés Tournus"}
{"title": ">Restaurants étoilés Agen"}
{"title": ">Restaurants étoilés Pringy"}
{"title": ">Restaurants étoilés Le Praz"}
{"title": ">Restaurants étoilés Mont-de-Marsan"}
{"title": ">Restaurants étoilés Amboise"}
{"title": ">Restaurants étoilés Vauchoux"}
{"title": ">Restaurants étoilés Meudon"}
{"title": ">Restaurants étoilés Dole"}
{"title": ">Restaurants étoilés Aix-en-Provence"}
{"title": ">Restaurants étoilés Montchenot"}
{"title": ">Restaurants étoilés Hagondange"}
{"title": ">Restaurants étoilés La Napoule"}
{"title": ">Restaurants étoilés Dury"}
{"title": ">Restaurants étoilés Reuilly-Sauvigny"}
{"title": ">Restaurants étoilés Lormont"}
{"title": ">Restaurants étoilés Saint-Brieuc"}
{"title": ">Restaurants étoilés Annecy"}
{"title": ">Restaurants étoilés Rhinau"}
{"title": ">Restaurants étoilés Missillac"}
{"title": ">Restaurants étoilés Saint-Jean-de-Luz"}
{"title": ">Restaurants étoilés Antibes"}
{"title": ">Restaurants étoilés Saint-Joachim"}
{"title": ">Restaurants étoilés Saint-Pée-sur-Nivelle"}
{"title": ">Restaurants étoilés Fontainebleau"}
{"title": ">Restaurants étoilés Arbois"}
{"title": ">Restaurants étoilés Bossey"}
{"title": ">Restaurants étoilés Gargas"}
{"title": ">Restaurants étoilés Mâcon"}
{"title": ">Restaurants étoilés Arcachon"}
{"title": ">Restaurants étoilés Sousceyrac"}
{"title": ">Restaurants étoilés Chaudes-Aigues"}
{"title": ">Restaurants étoilés Le Puy-en-Velay"}
{"title": ">Restaurants étoilés Les Arcs"}
{"title": ">Restaurants étoilés Rouffiac-Tolosan"}
{"title": ">Restaurants étoilés Astaffort"}
{"title": ">Restaurants étoilés Riquewihr"}
{"title": ">Restaurants étoilés Arles"}
{"title": ">Restaurants étoilés Uriage-les-Bains"}
{"title": ">Restaurants étoilés Tarascon"}
{"title": ">Restaurants étoilés Manosque"}
{"title": ">Restaurants étoilés Aumont-Aubrac"}
{"title": ">Restaurants étoilés Valmont"}
{"title": ">Restaurants étoilés Colombey-les-Deux-Églises"}
{"title": ">Restaurants étoilés Perros-Guirec"}
{"title": ">Restaurants étoilés Avignon"}
{"title": ">Restaurants étoilés Saint-Avé"}
{"title": ">Restaurants étoilés Rethondes"}
{"title": ">Restaurants étoilés Épinal"}
{"title": ">Restaurants étoilés Le Bar-sur-Loup"}
{"title": ">Restaurants étoilés Viré"}
{"title": ">Restaurants étoilés Lumio"}
{"title": ">Restaurants étoilés Gordes"}
{"title": ">Restaurants étoilés La Baule"}
{"title": ">Restaurants étoilés Zoufftgen"}
{"title": ">Restaurants étoilés Crest"}
{"title": ">Restaurants étoilés Saverne"}
{"title": ">Restaurants étoilés Les Baux-de-Provence"}
{"title": ">Restaurants étoilés Alleyras"}
{"title": ">Restaurants étoilés Cucuron"}
{"title": ">Restaurants étoilés Thonon-les-Bains"}
{"title": ">Restaurants étoilés Bayeux"}
{"title": ">Restaurants étoilés Audrieu"}
{"title": ">Restaurants étoilés Curzay-sur-Vonne"}
{"title": ">Restaurants étoilés Villefranche-sur-Saône"}
{"title": ">Restaurants étoilés Beaulieu-sur-Mer"}
{"title": ">Restaurants étoilés Billiers"}
{"title": ">Restaurants étoilés Eugénie-les-Bains"}
{"title": ">Restaurants étoilés Bagnoles-de-l'Orne"}
{"title": ">Restaurants étoilés Beaune"}
{"title": ">Restaurants étoilés Champagnac-de-Belair"}
{"title": ">Restaurants étoilés Gignac"}
{"title": ">Restaurants étoilés Bormes-les-Mimosas"}
{"title": ">Restaurants étoilés Pernand-Vergelesses"}
{"title": ">Restaurants étoilés Varetz"}
{"title": ">Restaurants étoilés L'Herbaudière"}
{"title": ">Restaurants étoilés Cherbourg"}
{"title": ">Restaurants étoilés Levernois"}
{"title": ">Restaurants étoilés Callas"}
{"title": ">Restaurants étoilés Pujaudran"}
{"title": ">Restaurants étoilés Épernay"}
{"title": ">Restaurants étoilés Belcastel"}
{"title": ">Restaurants étoilés La Celle"}
{"title": ">Restaurants étoilés Lastours"}
{"title": ">Restaurants étoilés Èze"}
{"title": ">Restaurants étoilés Danjoutin"}
{"title": ">Restaurants étoilés Cala Rossa"}
{"title": ">Restaurants étoilés Lembach"}
{"title": ">Restaurants étoilés Lorgues"}
{"title": ">Restaurants étoilés Belle-Église"}
{"title": ">Restaurants étoilés Courcelles-sur-Vesle"}
{"title": ">Restaurants étoilés La Tour de Salvagny"}
{"title": ">Restaurants étoilés Pont-Aven"}
{"title": ">Restaurants étoilés Belleville"}
{"title": ">Restaurants étoilés Vinay"}
{"title": ">Restaurants étoilés Wihr-au-Val"}
{"title": ">Restaurants étoilés La Wantzenau"}
{"title": ">Restaurants étoilés Moulin de Malfourat"}
{"title": ">Restaurants étoilés Bort-l'Étang"}
{"title": ">Restaurants étoilés Garons"}
{"title": ">Restaurants étoilés Villeneuve-lès-Avignon"}
{"title": ">Restaurants étoilés Beuvron-en-Auge"}
{"title": ">Restaurants étoilés Onzain"}
{"title": ">Restaurants étoilés Sérignan-du-Comtat"}
{"title": ">Restaurants étoilés Cavaillon"}
{"title": ">Restaurants étoilés Biarritz"}
{"title": ">Restaurants étoilés Peillon"}
{"title": ">Restaurants étoilés Méry-sur-Oise"}
{"title": ">Restaurants étoilés Propriano"}
{"title": ">Restaurants étoilés Arcangues"}
{"title": ">Restaurants étoilés La Plaine-sur-Mer"}
{"title": ">Restaurants étoilés Dampierre-en-Yvelines"}
{"title": ">Restaurants étoilés Eygalières"}
{"title": ">Restaurants étoilés Bidart"}
{"title": ">Restaurants étoilés Saussaye"}
{"title": ">Restaurants étoilés Phalsbourg"}
{"title": ">Restaurants étoilés Kaysersberg"}
{"title": ">Restaurants étoilés Biot"}
{"title": ">Restaurants étoilés Sauveterre-de-Rouergue"}
{"title": ">Restaurants étoilés Plancoët"}
{"title": ">Restaurants étoilés Saint-Émilion"}
{"title": ">Restaurants étoilés Bitche"}
{"title": ">Restaurants étoilés Pont-de-l'Isère"}
{"title": ">Restaurants étoilés Saint-Grégoire"}
{"title": ">Restaurants étoilés Colomiers"}
{"title": ">Restaurants étoilés Blois"}
{"title": ">Restaurants étoilés Villers-le-Lac"}
{"title": ">Restaurants étoilés Noyal-sur-Vilaine"}
{"title": ">Restaurants étoilés Vaison-la-Romaine"}
{"title": ">Restaurants étoilés Bonnétage"}
{"title": ">Restaurants étoilés Port-Louis"}
{"title": ">Restaurants étoilés Granges-les-Beaumont"}
{"title": ">Restaurants étoilés Châlons-en-Champagne"}
{"title": ">Restaurants étoilés Bonnieux"}
{"title": ">Restaurants étoilés Lachassagne"}
{"title": ">Restaurants étoilés Saint-Donat-sur-l'Herbasse"}
{"title": ">Restaurants étoilés Lourmarin"}
{"title": ">Restaurants étoilés Bordeaux"}
{"title": ">Restaurants étoilés La Chapelle-de-Guinchay"}
{"title": ">Restaurants étoilés Saint-Just-Saint-Rambert"}
{"title": ">Restaurants étoilés Moustiers-Sainte-Marie"}
{"title": ">Restaurants étoilés Cenon"}
{"title": ">Restaurants étoilés La Tania"}
{"title": ">Restaurants étoilés La Roche-l'Abeille"}
{"title": ">Restaurants étoilés Talloires"}
{"title": ">Restaurants étoilés Bouliac"}
{"title": ">Restaurants étoilés Jongieux"}
{"title": ">Restaurants étoilés Tarare"}
{"title": ">Restaurants étoilés Tourtour"}
{"title": ">Restaurants étoilés Martillac"}
{"title": ">Restaurants étoilés Sevenans"}
{"title": ">Restaurants étoilés Terrasson-Lavilledieu"}
{"title": ">Restaurants étoilés La Colle-sur-Loup"}
{"title": ">Restaurants étoilés Bosdarros"}
{"title": ">Restaurants étoilés Breuillet"}
{"title": ">Restaurants étoilés Thoiry"}
{"title": ">Restaurants étoilés Saint-Florent"}
{"title": ">Restaurants étoilés Boulogne-sur-Mer"}
{"title": ">Restaurants étoilés Moirax"}
{"title": ">Restaurants étoilés Rochecorbon"}
{"title": ">Restaurants étoilés Issoudun"}
{"title": ">Restaurants étoilés Le Bourg-Dun"}
{"title": ">Restaurants étoilés Aragon"}
{"title": ">Restaurants étoilés Trémolat"}
{"title": ">Restaurants étoilés Bondues"}
{"title": ">Restaurants étoilés Péronnas"}
{"title": ">Restaurants étoilés Ambronay"}
{"title": ">Restaurants étoilés Chonas-l'Amballan"}
{"title": ">Restaurants étoilés Lunéville"}
{"title": ">Restaurants étoilés Bourges"}
{"title": ">Restaurants étoilés Saint-Sulpice-le-Verdon"}
{"title": ">Restaurants étoilés Vonnas"}
{"title": ">Restaurants étoilés Montbazon"}
{"title": ">Restaurants étoilés Le Bourget-du-Lac"}
{"title": ">Restaurants étoilés Bully les Mines"}
{"title": ">Restaurants étoilés Andrézieux"}
{"title": ">Restaurants étoilés Montreuil"}
{"title": ">Restaurants étoilés Bray-et-Lû"}
{"title": ">Restaurants étoilés Èze-Bord-de-Mer"}
{"title": ">Restaurants étoilés Carteret"}
{"title": ">Restaurants étoilés Brest"}
{"title": ">Restaurants étoilés Xonrupt-Longemer"}
{"title": ">Restaurants étoilés Puligny-Montrachet"}
{"title": ">Restaurants étoilés Le Breuil-en-Auge"}
{"title": ">Restaurants étoilés Saint-Benoît"}
{"title": ">Restaurants étoilés Lamagdelaine"}
{"title": ">Restaurants étoilés Gruson"}
{"title": ">Restaurants étoilés Blainville-sur-Mer"}
{"title": ">Restaurants étoilés Ansouis"}
{"title": ">Restaurants étoilés Pezens"}
{"title": ">Restaurants étoilés Sampans"}
{"title": ">Restaurants étoilés Sainte-Sabine"}
{"title": ">Restaurants étoilés Bois-Grenier"}
{"title": ">Restaurants étoilés Saint-Valentin"}
{"title": ">Restaurants étoilés Veyrier-du-Lac"}
{"title": ">Restaurants étoilés Aureville"}
{"title": ">Restaurants étoilés Veyrier"}
